name;competence;willingness;confidence
;;;

Alice;0.6500000000000001;0.9125000000000003;1.0
Alice;0.6500000000000001;0.9125000000000003;1.0
ben;-0.95;0.8600000000000003;1.0

ben;-0.8499999999999999;0.8600000000000003;1.0

bentest;-0.95;0.7550000000000002;1.0

bentest;-0.8499999999999999;0.985;0.99

bentest;99999998;0.955;0.99

bentest;-1;-1;1

