name;competence;willingness;confidence
;;;

Alice;0.6500000000000001;0.9125000000000003;1.0
Alice;0.6500000000000001;0.9125000000000003;1.0
Alice;0.6500000000000001;0.9125000000000003;1.0
lowtrust;-0.8;1.0;1.0