name;competence;willingness;confidence
ben;-0.8499999999999999;0.8600000000000003;1.0
