name;competence;willingness;confidence
bentest;-0.7156129852557129;0.6826239216398549;1
