name;competence;willingness;confidence
Alice;-0.6164090985180557;0.2263880839692669;1
