name;competence;willingness;confidence
Alice;0.6500000000000001;0.9725000000000004;1.0
